,Sentence,ESG BERT Topic 1,ESG BERT Topic 2,ESG BERT Topic 3,Mapped Criteria Topic 1,Mapped Criteria Topic 2,Mapped Criteria Topic 3
Line 1,"2021 ESG Summary Overview The information within this PDF is as of June 28, 2022.","('Business_Model_Resilience', 0.3091605603694916)","('Systemic_Risk_Management', 0.11118260025978088)","('Management_Of_Legal_And_Regulatory_Framework', 0.10486958920955658)","('NON-ESG', 0.3091605603694916)","('NON-ESG', 0.11118260025978088)","('NON-ESG', 0.10486958920955658)"
Line 2,"Performance metrics and targets, footnotes and additional detailed information can be found in the PepsiCo 2021 ESG Performance Metrics .","('Business_Model_Resilience', 0.45943671464920044)","('Systemic_Risk_Management', 0.2521205544471741)","('Supply_Chain_Management', 0.03353652358055115)","('NON-ESG', 0.45943671464920044)","('NON-ESG', 0.2521205544471741)","('NON-ESG', 0.03353652358055115)"
Line 3,"As a general matter, recent organizational changes (e.g., acquisitions and divestitures) are reflected in our reporting as soon as data becomes available, at which point, previously reported impacted metrics that are deemed significant are recast to consistently reflect the impact of the organizational changes.","('Business_Model_Resilience', 0.5741298198699951)","('Systemic_Risk_Management', 0.1198769360780716)","('Director_Removal', 0.06280765682458878)","(['Human Capital Development', 'Innovation Management'], 0.5741298198699951)","('NON-ESG', 0.1198769360780716)","('NON-ESG', 0.06280765682458878)"
Line 4,"Un less otherwise noted, information available with respect to our acquisitions of Hangzhou Haomusi Food Co., Ltd. (Be & Cheery), BFY Brands, Inc. (BFY), Pioneer Food Group Ltd. (Pioneer Foods), Rockstar Energy Beverages (Rockstar) and SodaStream International Ltd. (SodaStream) is included herein.","('Selling_Practices_And_Product_Labeling', 0.3410521149635315)","('Customer_Welfare', 0.27651864290237427)","('Product_Design_And_Lifecycle_Management', 0.0502438098192215)","('NON-ESG', 0.3410521149635315)","('NON-ESG', 0.27651864290237427)","('NON-ESG', 0.0502438098192215)"
Line 5,"Ta rgets apply to PepsiCos operations as well as our value chain (e.g., franchise bottlers, joint ventures where PepsiCo has operational control, co-manufacturers, etc.)","('Competitive_Behavior', 0.6296041011810303)","('Customer_Welfare', 0.10650232434272766)","('Supply_Chain_Management', 0.029873069375753403)","([], 0.6296041011810303)","('NON-ESG', 0.10650232434272766)","('NON-ESG', 0.029873069375753403)"
Line 6,unless otherwise noted.,"('Management_Of_Legal_And_Regulatory_Framework', 0.16942618787288666)","('Customer_Privacy', 0.08567013591527939)","('Director_Removal', 0.08215155452489853)","('NON-ESG', 0.16942618787288666)","('NON-ESG', 0.08567013591527939)","('NON-ESG', 0.08215155452489853)"
Line 7,What does it mean to be a truly sustainable company?,"('Product_Design_And_Lifecycle_Management', 0.7930747866630554)","('Business_Model_Resilience', 0.046495236456394196)","('Ecological_Impacts', 0.017423177137970924)","(['Packaging'], 0.7930747866630554)","('NON-ESG', 0.046495236456394196)","('NON-ESG', 0.017423177137970924)"
Line 8,"At PepsiCo, we recognize that the futures of our company, communities, and planet are all inextricably linked.","('Human_Rights_And_Community_Relations', 0.7063711881637573)","('Employee_Engagement_Inclusion_And_Diversity', 0.041140422224998474)","('Business_Model_Resilience', 0.03312479332089424)","([], 0.7063711881637573)","('NON-ESG', 0.041140422224998474)","('NON-ESG', 0.03312479332089424)"
Line 9,"That reality has been driven home again and again in recent years, first by the COVID-19 pandemic, then the deadly conflict in Ukraine.","('Physical_Impacts_Of_Climate_Change', 0.3792567253112793)","('Critical_Incident_Risk_Management', 0.23894742131233215)","('Air_Quality', 0.07830400764942169)","('NON-ESG', 0.3792567253112793)","('NON-ESG', 0.23894742131233215)","('NON-ESG', 0.07830400764942169)"
Line 10,"Through it all, climate change has continued to increase its impact on our fragile ecosystems, leading to extreme weather, crop failures, and changes in the range and abundance of certain plants and animals.","('Physical_Impacts_Of_Climate_Change', 0.8442518711090088)","('Ecological_Impacts', 0.036182694137096405)","('GHG_Emissions', 0.03145943209528923)","(['Climate Strategy'], 0.8442518711090088)","('NON-ESG', 0.036182694137096405)","('NON-ESG', 0.03145943209528923)"
Line 11,"All of these issues have resulted in a collision of food shortages, supply chain bottlenecks, and a refugee crisis unlike anything Europe has seen since World War II.","('Supply_Chain_Management', 0.8738681077957153)","('Systemic_Risk_Management', 0.0214998796582222)","('Physical_Impacts_Of_Climate_Change', 0.012114864774048328)","(['Supply Chain Management'], 0.8738681077957153)","('NON-ESG', 0.0214998796582222)","('NON-ESG', 0.012114864774048328)"
Line 12,"In this context, we have been thinking hard about what it means to be a truly sustainable company, one that creates growth and value for all of our stakeholders.","('Business_Model_Resilience', 0.6662750840187073)","('Product_Design_And_Lifecycle_Management', 0.07606437057256699)","('Human_Rights_And_Community_Relations', 0.027001747861504555)","(['Human Capital Development', 'Innovation Management'], 0.6662750840187073)","('NON-ESG', 0.07606437057256699)","('NON-ESG', 0.027001747861504555)"
Line 13,"We know that to be successful five years, 10 years, 20 years from now, we need to create more resilience in our business.","('Business_Model_Resilience', 0.8943210244178772)","('Physical_Impacts_Of_Climate_Change', 0.01715070940554142)","('Product_Design_And_Lifecycle_Management', 0.01122511550784111)","(['Human Capital Development', 'Innovation Management'], 0.8943210244178772)","('NON-ESG', 0.01715070940554142)","('NON-ESG', 0.01122511550784111)"
Line 14,And that means we need to change what we do and how we do it.,"('Management_Of_Legal_And_Regulatory_Framework', 0.23305806517601013)","('Business_Model_Resilience', 0.15692728757858276)","('Human_Rights_And_Community_Relations', 0.105089470744133)","('NON-ESG', 0.23305806517601013)","('NON-ESG', 0.15692728757858276)","('NON-ESG', 0.105089470744133)"
Line 15,"In September 2021 we launched a strategic, end-to-end transformation of our business.","('Business_Model_Resilience', 0.7648787498474121)","('Product_Design_And_Lifecycle_Management', 0.03684026747941971)","('Supply_Chain_Management', 0.027001019567251205)","(['Human Capital Development', 'Innovation Management'], 0.7648787498474121)","('NON-ESG', 0.03684026747941971)","('NON-ESG', 0.027001019567251205)"
Line 16,"We put sustainability and human capital at the center of how we will create growth and value, by operating within planetary boundaries and inspiring positive change for the planet and people.","('Business_Model_Resilience', 0.732087254524231)","('Systemic_Risk_Management', 0.0403992123901844)","('Product_Design_And_Lifecycle_Management', 0.028549840673804283)","(['Human Capital Development', 'Innovation Management'], 0.732087254524231)","('NON-ESG', 0.0403992123901844)","('NON-ESG', 0.028549840673804283)"
Line 17,"We call this approach PepsiCo Positive (pep+), reflecting a new reality where consumers, customers, our associates, investors, regulators, and many other stakeholders are becoming more interested in the future of the planet and society.","('Management_Of_Legal_And_Regulatory_Framework', 0.2800179421901703)","('Business_Model_Resilience', 0.14470045268535614)","('Product_Design_And_Lifecycle_Management', 0.13149261474609375)","('NON-ESG', 0.2800179421901703)","('NON-ESG', 0.14470045268535614)","('NON-ESG', 0.13149261474609375)"
Line 18,"From sourcing ingredients to making and selling our products more sustainably, pep+ connects the future of our business with the future of our planet.","('Selling_Practices_And_Product_Labeling', 0.7550563812255859)","('Product_Design_And_Lifecycle_Management', 0.08021614700555801)","('Customer_Welfare', 0.06664744019508362)","(['Packaging'], 0.7550563812255859)","('NON-ESG', 0.08021614700555801)","('NON-ESG', 0.06664744019508362)"
Line 19,The launch of pep+ is a turning point for PepsiCo.,"('Customer_Welfare', 0.18148913979530334)","('Competitive_Behavior', 0.15263551473617554)","('Product_Design_And_Lifecycle_Management', 0.12539856135845184)","('NON-ESG', 0.18148913979530334)","('NON-ESG', 0.15263551473617554)","('NON-ESG', 0.12539856135845184)"
Line 20,"We have an opportunity to use our scale with oper ations in more than 200countries and territories, more than 25crops sourced from approximately 7million acres in more than 30different countries, and more than one billion interactions with consumers each day t o help build a more sustainable food system.","('Product_Design_And_Lifecycle_Management', 0.42337071895599365)","('Customer_Welfare', 0.3292543590068817)","('Selling_Practices_And_Product_Labeling', 0.0602944977581501)","('NON-ESG', 0.42337071895599365)","('NON-ESG', 0.3292543590068817)","('NON-ESG', 0.0602944977581501)"
Line 21,"By advancing our pep+ goals, we believe we will be a consistent top market performer and a force for good by doing whats right for people and the planet.","('Human_Rights_And_Community_Relations', 0.5838978290557861)","('Business_Model_Resilience', 0.08198259025812149)","('Employee_Engagement_Inclusion_And_Diversity', 0.02829228714108467)","([], 0.5838978290557861)","('NON-ESG', 0.08198259025812149)","('NON-ESG', 0.02829228714108467)"
Line 22,"By becoming better ourselves, we not only meet the needs of our stakeholders but position ourselves for long-term growth.","('Business_Model_Resilience', 0.5300424695014954)","('Product_Design_And_Lifecycle_Management', 0.08702312409877777)","('Human_Rights_And_Community_Relations', 0.04886024072766304)","(['Human Capital Development', 'Innovation Management'], 0.5300424695014954)","('NON-ESG', 0.08702312409877777)","('NON-ESG', 0.04886024072766304)"
Line 23,"We can help define for the world what it means to be a truly sustainable company, and build a stronger, more resilient future for us all.","('Business_Model_Resilience', 0.889468789100647)","('Physical_Impacts_Of_Climate_Change', 0.017086919397115707)","('Product_Design_And_Lifecycle_Management', 0.013846988789737225)","(['Human Capital Development', 'Innovation Management'], 0.889468789100647)","('NON-ESG', 0.017086919397115707)","('NON-ESG', 0.013846988789737225)"
Line 24,PepsiCo remains committed to taking a leadership role in the creation of a more sustainable food system that preserves the planet and positively impacts people and communities across the world.,"('Human_Rights_And_Community_Relations', 0.246871218085289)","('Product_Design_And_Lifecycle_Management', 0.1667904257774353)","('Access_And_Affordability', 0.15358136594295502)","('NON-ESG', 0.246871218085289)","('NON-ESG', 0.1667904257774353)","('NON-ESG', 0.15358136594295502)"
Line 25,"With the ongoing volatility around the globe, our pep+ agenda continues to be the right path for our planet and our business.","('Systemic_Risk_Management', 0.774992048740387)","('Business_Model_Resilience', 0.04114428907632828)","('Competitive_Behavior', 0.03681455925107002)","([], 0.774992048740387)","('NON-ESG', 0.04114428907632828)","('NON-ESG', 0.03681455925107002)"
Line 26,Jim Andrew Chief Sustainability OfficerCSO MESSAGE The investments we have made in pep+ aim to ensure the sustainability of our business and the hundreds of thousands of jobs we support across our global supply chains c reating growth and value within planetary boundaries while inspiring positive change for people and the planet.,"('Supply_Chain_Management', 0.9263010025024414)","('Product_Design_And_Lifecycle_Management', 0.01589866913855076)","('Business_Model_Resilience', 0.005470857489854097)","(['Supply Chain Management'], 0.9263010025024414)","('NON-ESG', 0.01589866913855076)","('NON-ESG', 0.005470857489854097)"
Line 27,"Hugh Johnston Vice Chairman and Chief Financial OfficerCFO MESSAGERAMON LAGUARTA, PepsiCo Chairman of the Board of Directors and Chief Executive OfficerMessage From Our CEORead the full letter and the PepsiCo 2021 ESG Summary here >> 1 PepsiCo 2021 ESG Summary OverviewAcross our value chain, PepsiCo is using our global reach and expertise to drive solutions at scale.","('Business_Model_Resilience', 0.7296198010444641)","('Supply_Chain_Management', 0.04283095523715019)","('Systemic_Risk_Management', 0.04131368547677994)","(['Human Capital Development', 'Innovation Management'], 0.7296198010444641)","('NON-ESG', 0.04283095523715019)","('NON-ESG', 0.04131368547677994)"
Line 28,"PepsiCos sustainability strategy targets every stage of our complex value chain to use resources more efficiently, reduce greenhouse gas (GHG) emissions, replenish water, improve our products and recapture packaging materials.","('GHG_Emissions', 0.36416009068489075)","('Product_Design_And_Lifecycle_Management', 0.3337957561016083)","('Supply_Chain_Management', 0.04820813983678818)","('NON-ESG', 0.36416009068489075)","('NON-ESG', 0.3337957561016083)","('NON-ESG', 0.04820813983678818)"
Line 29,Investments in our circular and inclusive value chain will help accelerate the systemic change needed to address major global challenges.,"('Systemic_Risk_Management', 0.9602781534194946)","('Business_Model_Resilience', 0.005960205569863319)","('Physical_Impacts_Of_Climate_Change', 0.004756465088576078)","([], 0.9602781534194946)","('NON-ESG', 0.005960205569863319)","('NON-ESG', 0.004756465088576078)"
Line 30,"12 3 4 5Agricultural Sourcing PepsiCo sources crops from more than 30 countries and supports more than 100,000 jobs throughout our agricultural supply chain.","('Supply_Chain_Management', 0.9399703145027161)","('Product_Design_And_Lifecycle_Management', 0.006705272942781448)","('Water_And_Wastewater_Management', 0.00411031860858202)","(['Supply Chain Management'], 0.9399703145027161)","('NON-ESG', 0.006705272942781448)","('NON-ESG', 0.00411031860858202)"
Line 31,"The standards we apply and promote can help improve the environmental, social and economic health of agricultural communities around the world.","('Human_Rights_And_Community_Relations', 0.9353950619697571)","('Management_Of_Legal_And_Regulatory_Framework', 0.007949215359985828)","('Ecological_Impacts', 0.006541029550135136)","([], 0.9353950619697571)","('NON-ESG', 0.007949215359985828)","('NON-ESG', 0.006541029550135136)"
Line 32,Distribution PepsiCo products are sold in over 200 countries and territories.,"('Product_Design_And_Lifecycle_Management', 0.36522209644317627)","('Selling_Practices_And_Product_Labeling', 0.23244686424732208)","('Customer_Welfare', 0.207558274269104)","('NON-ESG', 0.36522209644317627)","('NON-ESG', 0.23244686424732208)","('NON-ESG', 0.207558274269104)"
Line 33,"In 2021, our company-owned fleet traveled approximately 1.2billion miles worldwide to bring PepsiCo products to customers.","('Product_Design_And_Lifecycle_Management', 0.8083083629608154)","('Customer_Welfare', 0.05094989016652107)","('Selling_Practices_And_Product_Labeling', 0.04677747189998627)","(['Packaging'], 0.8083083629608154)","('NON-ESG', 0.05094989016652107)","('NON-ESG', 0.04677747189998627)"
Line 34,We are working to reduce the impact of those miles by continuing to adopt more efficient vehicles and practices.,"('Energy_Management', 0.7458683252334595)","('Product_Design_And_Lifecycle_Management', 0.06345133483409882)","('Management_Of_Legal_And_Regulatory_Framework', 0.03018854558467865)","([], 0.7458683252334595)","('NON-ESG', 0.06345133483409882)","('NON-ESG', 0.03018854558467865)"
Line 35,Consumption PepsiCo products are enjoyed by consumers more than 1billion times a day.,"('Customer_Welfare', 0.36878350377082825)","('Product_Design_And_Lifecycle_Management', 0.2340564727783203)","('Selling_Practices_And_Product_Labeling', 0.20393525063991547)","('NON-ESG', 0.36878350377082825)","('NON-ESG', 0.2340564727783203)","('NON-ESG', 0.20393525063991547)"
Line 36,"Were responding to changing consumer preferences by transforming our product portfolio and reformulating many of our beverages and convenient foods to reduce added sugars, sodium and saturated fat.","('Customer_Welfare', 0.5981742143630981)","('Product_Design_And_Lifecycle_Management', 0.13074767589569092)","('Selling_Practices_And_Product_Labeling', 0.12720142304897308)","([], 0.5981742143630981)","('NON-ESG', 0.13074767589569092)","('NON-ESG', 0.12720142304897308)"
Line 37,R&D and Manufacturing We spent >$750 million on R&D in 2021 as part of our continued investment in developing quality and innovative beverages and convenient foods.,"('Product_Design_And_Lifecycle_Management', 0.6495895981788635)","('Customer_Welfare', 0.17104807496070862)","('Selling_Practices_And_Product_Labeling', 0.03776727616786957)","(['Packaging'], 0.6495895981788635)","('NON-ESG', 0.17104807496070862)","('NON-ESG', 0.03776727616786957)"
Line 38,"Our 294 manufacturing facilities bring together innovators and operations teams who work to use water, energy and ingredients efficiently to create our beverages and convenient foods.","('Selling_Practices_And_Product_Labeling', 0.6663401126861572)","('Customer_Welfare', 0.17604683339595795)","('Product_Design_And_Lifecycle_Management', 0.05028613284230232)","(['Packaging'], 0.6663401126861572)","('NON-ESG', 0.17604683339595795)","('NON-ESG', 0.05028613284230232)"
Line 39,"In 2021, we produced more than 90million metric tons of beverages and convenient foods.","('Customer_Welfare', 0.2893904447555542)","('Product_Design_And_Lifecycle_Management', 0.2887754440307617)","('Energy_Management', 0.113557830452919)","('NON-ESG', 0.2893904447555542)","('NON-ESG', 0.2887754440307617)","('NON-ESG', 0.113557830452919)"
Line 40,Post-Consumer PepsiCos sustainable packaging vision is to help build a world where packaging never becomes waste by driving the shift from a linear economy to a circular economy.,"('Waste_And_Hazardous_Materials_Management', 0.452604204416275)","('Product_Design_And_Lifecycle_Management', 0.406286358833313)","('Supply_Chain_Management', 0.014082597568631172)","('NON-ESG', 0.452604204416275)","('NON-ESG', 0.406286358833313)","('NON-ESG', 0.014082597568631172)"
Line 41,"We continue to grow our portfolio of Beyond the Bottle offerings, innovate to develop sustainable packaging and work to improve recycling infrastructure.1 2 3 4 5300K+ employees 200+ countries and territories where our products are sold1B+ times each day PepsiCo products are enjoyed around the world $79B+ net revenue in 2021Scale and Reach Across Our Value Chain 2 PepsiCo 2021 ESG Summary OverviewWere charting a new course to drive positive action for the planet and people.","('Product_Design_And_Lifecycle_Management', 0.9463028907775879)","('Customer_Welfare', 0.008343872614204884)","('Selling_Practices_And_Product_Labeling', 0.007045281119644642)","(['Packaging'], 0.9463028907775879)","('NON-ESG', 0.008343872614204884)","('NON-ESG', 0.007045281119644642)"
Line 42,"Were evolving how we source our ingredients and make and sell our products, and how we inspire people through our brands.","('Selling_Practices_And_Product_Labeling', 0.8860273361206055)","('Customer_Welfare', 0.03439939767122269)","('Product_Design_And_Lifecycle_Management', 0.015791475772857666)","(['Packaging'], 0.8860273361206055)","('NON-ESG', 0.03439939767122269)","('NON-ESG', 0.015791475772857666)"
Line 43,pep+ has three pillars: Positive Agriculture Positive Value Chain Positive ChoicesPositive Agriculture Were working to source our crops and ingredients in ways that restore the earth and strengthen farming communities.,"('Selling_Practices_And_Product_Labeling', 0.3736843764781952)","('Customer_Welfare', 0.31815406680107117)","('Product_Design_And_Lifecycle_Management', 0.12973886728286743)","('NON-ESG', 0.3736843764781952)","('NON-ESG', 0.31815406680107117)","('NON-ESG', 0.12973886728286743)"
Line 44,"Agriculture Were supporting regenerative agricultural practices that aim to make soil healthier, sequester carbon, improve watershed health and biodiversity, and strengthen farmer livelihoods.","('Ecological_Impacts', 0.9731801152229309)","('GHG_Emissions', 0.0030128569342195988)","('Human_Rights_And_Community_Relations', 0.0024187592789530754)","([], 0.9731801152229309)","('NON-ESG', 0.0030128569342195988)","('NON-ESG', 0.0024187592789530754)"
Line 45,Were working closely with our farmers and intermediary suppliers to embed these practices throughout our agricultural supply chain.,"('Supply_Chain_Management', 0.9493222236633301)","('Labor_Practices', 0.0052162278443574905)","('Water_And_Wastewater_Management', 0.0036286318209022284)","(['Supply Chain Management'], 0.9493222236633301)","('NON-ESG', 0.0052162278443574905)","('NON-ESG', 0.0036286318209022284)"
Line 46,"In 2021: We spread regenerative agriculture practices to more than 345,000 acres, toward our goal of7million acres by 2030.","('Ecological_Impacts', 0.7310780882835388)","('GHG_Emissions', 0.03862340375781059)","('Business_Model_Resilience', 0.028415512293577194)","([], 0.7310780882835388)","('NON-ESG', 0.03862340375781059)","('NON-ESG', 0.028415512293577194)"
Line 47,"Globally, more than 90% of our grower-sourcedcrops were sustainably sourced through ourSustainable Farming Program.","('Supply_Chain_Management', 0.6063320636749268)","('Customer_Welfare', 0.08170276135206223)","('Product_Design_And_Lifecycle_Management', 0.04801378399133682)","(['Supply Chain Management'], 0.6063320636749268)","('NON-ESG', 0.08170276135206223)","('NON-ESG', 0.04801378399133682)"
Line 48,"We continued working with USAID on a 5-year,$20million partnership to support women- owned and women-led enterprises.","('Human_Rights_And_Community_Relations', 0.2653723657131195)","('Access_And_Affordability', 0.24133452773094177)","('Labor_Practices', 0.18323026597499847)","('NON-ESG', 0.2653723657131195)","('NON-ESG', 0.24133452773094177)","('NON-ESG', 0.18323026597499847)"
Line 49,We committed $5 million to reduce greenhousegas emissions in agriculture through AgMission.,"('GHG_Emissions', 0.9656016230583191)","('Air_Quality', 0.005421482492238283)","('Ecological_Impacts', 0.003969233948737383)","([], 0.9656016230583191)","('NON-ESG', 0.005421482492238283)","('NON-ESG', 0.003969233948737383)"
Line 50,"As of 2020, we reached 14% of our 2025 goal toimprove water-use efficiency by 15% (versus a 2015baseline), in high water-risk watersheds where wedirectly source our crops.","('Water_And_Wastewater_Management', 0.9757424592971802)","('GHG_Emissions', 0.002875307109206915)","('Energy_Management', 0.002542258705943823)","(['Water Related Risks'], 0.9757424592971802)","('NON-ESG', 0.002875307109206915)","('NON-ESG', 0.002542258705943823)"
Line 51,For more details see ESG Topics A-Z: Agriculturepep+ 3 PepsiCo 2021 ESG Summary OverviewPositive Value Chain Were helping build a circular and inclusive value chain.,"('Business_Model_Resilience', 0.6474214792251587)","('Systemic_Risk_Management', 0.13431209325790405)","('Supply_Chain_Management', 0.05585364252328873)","(['Human Capital Development', 'Innovation Management'], 0.6474214792251587)","('NON-ESG', 0.13431209325790405)","('NON-ESG', 0.05585364252328873)"
Line 52,"Climate Achieve net-zero emissions across our value chain by 2040; by 2030, reduce our GHG emissions by more than 40% (versus a 2015 baseline), doubling our prior climate goal: We are investing in zero- and near-zero emission delivery vehicles for our company-owned fleets and partnering with others to support decarbonization of the broader transport industry and improving energy-use efficiency and working to scale renewable fuel solutions at our manufacturing facilities.","('GHG_Emissions', 0.9196752309799194)","('Air_Quality', 0.032746005803346634)","('Energy_Management', 0.008522997610270977)","([], 0.9196752309799194)","('NON-ESG', 0.032746005803346634)","('NON-ESG', 0.008522997610270977)"
Line 53,"In 2021, we reduced our Scope 1 and Scope 2 GHG emissions by 25% versus a 2015 baseline.","('GHG_Emissions', 0.9668051600456238)","('Air_Quality', 0.004296092316508293)","('Ecological_Impacts', 0.0031568584963679314)","([], 0.9668051600456238)","('NON-ESG', 0.004296092316508293)","('NON-ESG', 0.0031568584963679314)"
Line 54,"In 2021, Scope 3 emissions increased by 5% (versus a 2015 baseline).","('GHG_Emissions', 0.8716257214546204)","('Air_Quality', 0.04521584138274193)","('Energy_Management', 0.014032308012247086)","([], 0.8716257214546204)","('NON-ESG', 0.04521584138274193)","('NON-ESG', 0.014032308012247086)"
Line 55,"Water Ensure we have net water positive impact: Our target to become net water positive by 2030 means achieving best-in-class Achieving these ambitious goals will require investment and innovation, and we are exploring renewable, non-fossil-fuel-based sources for packaging materials, such as plant-based materials that are safe, efficient and have a lighter carbon footprint than fossil-fuel based plastics.","('Water_And_Wastewater_Management', 0.9558125734329224)","('Waste_And_Hazardous_Materials_Management', 0.005918714217841625)","('Energy_Management', 0.005619414150714874)","(['Water Related Risks'], 0.9558125734329224)","('NON-ESG', 0.005918714217841625)","('NON-ESG', 0.005619414150714874)"
Line 56,"Were helping to develop infrastructure, advocating for smart policies and engaging consumers so that packaging never becomes waste.","('Waste_And_Hazardous_Materials_Management', 0.9741265773773193)","('Product_Design_And_Lifecycle_Management', 0.0027308904100209475)","('Water_And_Wastewater_Management', 0.002401372417807579)","(['Food Loss & Waste'], 0.9741265773773193)","('NON-ESG', 0.0027308904100209475)","('NON-ESG', 0.002401372417807579)"
Line 57,"People Provide meaningful jobs and growth opportunities for our people and empower them to make a positive impact at work, at home and in their local communities: We are providing new programs aimed at making PepsiCo an even better place to work and empowering our associates to make a greater impact on their communities.","('Human_Rights_And_Community_Relations', 0.755981981754303)","('Employee_Engagement_Inclusion_And_Diversity', 0.09245908260345459)","('Access_And_Affordability', 0.04465612769126892)","([], 0.755981981754303)","('NON-ESG', 0.09245908260345459)","('NON-ESG', 0.04465612769126892)"
Line 58,We are launching a tuition assistance program giving U.,"('Access_And_Affordability', 0.48001909255981445)","('Management_Of_Legal_And_Regulatory_Framework', 0.23018908500671387)","('Ecological_Impacts', 0.02611459046602249)","('NON-ESG', 0.48001909255981445)","('NON-ESG', 0.23018908500671387)","('NON-ESG', 0.02611459046602249)"
Line 59,"S. associates access to 100+ debt-free degrees, certificates and trades programs.water-use efficiency in high water-risk manufacturing sites, PepsiCo and third-party facilities (for PepsiCo facilities, this equates to a more than 50% reduction in absolute water use against a 2015 baseline), and world-class water-use efficiency in all other manufacturing sites, PepsiCo and third-party facilities.","('Water_And_Wastewater_Management', 0.9736546277999878)","('Energy_Management', 0.002762874122709036)","('GHG_Emissions', 0.002646705135703087)","(['Water Related Risks'], 0.9736546277999878)","('NON-ESG', 0.002762874122709036)","('NON-ESG', 0.002646705135703087)"
Line 60,"As of 2021, weve improved our operational water-use efficiency by 18% (versus a 2015 baseline) in high water-risk areas, toward our goal of 25% by 2025.","('Water_And_Wastewater_Management', 0.9720062017440796)","('Energy_Management', 0.0044380975887179375)","('GHG_Emissions', 0.0027776139322668314)","(['Water Related Risks'], 0.9720062017440796)","('NON-ESG', 0.0044380975887179375)","('NON-ESG', 0.0027776139322668314)"
Line 61,"Packaging PepsiCo envisions a world where packaging never becomes waste: Weve announced ambitious new goals around our aim to reduce our use of virgin plastic, use more recycled content in our plastic packaging and scale business models like SodaStream that avoid or minimize single-use plastic.","('Waste_And_Hazardous_Materials_Management', 0.9319305419921875)","('Product_Design_And_Lifecycle_Management', 0.020753031596541405)","('Water_And_Wastewater_Management', 0.005206483881920576)","(['Food Loss & Waste'], 0.9319305419921875)","('NON-ESG', 0.020753031596541405)","('NON-ESG', 0.005206483881920576)"
Line 62,"These new targets complement our 2025 goal of making 100% of our packaging recyclable, compostable, biodegradable or reusable.","('Product_Design_And_Lifecycle_Management', 0.859626293182373)","('Energy_Management', 0.04021024331450462)","('Waste_And_Hazardous_Materials_Management', 0.013749619945883751)","(['Packaging'], 0.859626293182373)","('NON-ESG', 0.04021024331450462)","('NON-ESG', 0.013749619945883751)"
Line 63,"We are focused on retaining and growing diverse female talent through mentoring, coaching and development programs throughout career stages.","('Employee_Engagement_Inclusion_And_Diversity', 0.9552790522575378)","('Access_And_Affordability', 0.003766218200325966)","('Employee_Health_And_Safety', 0.0036987466737627983)","(['Talent Attraction & Retention'], 0.9552790522575378)","('NON-ESG', 0.003766218200325966)","('NON-ESG', 0.0036987466737627983)"
Line 64,"Build a better workplace and world by advancing human rights and diversity, equity and inclusion (DE&I) for our people, in our business partnerships and our communities: We continue to make progress on our Racial Equality Journey (REJ) in the U.","('Employee_Engagement_Inclusion_And_Diversity', 0.9678723812103271)","('Human_Rights_And_Community_Relations', 0.005090202204883099)","('Employee_Health_And_Safety', 0.002948387525975704)","(['Talent Attraction & Retention'], 0.9678723812103271)","('NON-ESG', 0.005090202204883099)","('NON-ESG', 0.002948387525975704)"
Line 65,"S., a more than $570million set of commitments launched in 2020 with a focus on three pillars: People, Business and Communities.","('Human_Rights_And_Community_Relations', 0.8908134698867798)","('Access_And_Affordability', 0.01637994311749935)","('Business_Model_Resilience', 0.011921912431716919)","([], 0.8908134698867798)","('NON-ESG', 0.01637994311749935)","('NON-ESG', 0.011921912431716919)"
Line 66,"We are working to increase women in managerial positions, ensure pay equity across employee groups and promote fair, safe and injury-free working conditions.","('Labor_Practices', 0.9672978520393372)","('Employee_Health_And_Safety', 0.0073237344622612)","('Director_Removal', 0.002668803557753563)","([], 0.9672978520393372)","('NON-ESG', 0.0073237344622612)","('NON-ESG', 0.002668803557753563)"
Line 67,"In our communities, we are striving toward our goal to bring safe water access to 100million people since 2006 and advance food security.","('Water_And_Wastewater_Management', 0.9311485290527344)","('Critical_Incident_Risk_Management', 0.00944907683879137)","('Energy_Management', 0.006320481654256582)","(['Water Related Risks'], 0.9311485290527344)","('NON-ESG', 0.00944907683879137)","('NON-ESG', 0.006320481654256582)"
Line 68,"For more details see ESG Topics A-Z: Climate Change, Water , Packaging, Diversity, Equity and Inclusionpep+ 4 PepsiCo 2021 ESG Summary OverviewExpanded portfolio offerings Continue to provide consumers choice for every occasion by expanding our product offerings by 2025: Weve made significant progress on reducing addedsugars in our beverages and reducing sodium inconvenient foods.","('Product_Design_And_Lifecycle_Management', 0.3607741594314575)","('Customer_Welfare', 0.1917659342288971)","('Selling_Practices_And_Product_Labeling', 0.09074863791465759)","('NON-ESG', 0.3607741594314575)","('NON-ESG', 0.1917659342288971)","('NON-ESG', 0.09074863791465759)"
Line 69,"In 2021, we attained our saturatedfat reduction goal of 75% of our convenient foodsportfolio not exceeding 1.1 grams of saturated fatper 100 Calories.","('Customer_Welfare', 0.6997284293174744)","('Selling_Practices_And_Product_Labeling', 0.06181686744093895)","('Energy_Management', 0.047390419989824295)","([], 0.6997284293174744)","('NON-ESG', 0.06181686744093895)","('NON-ESG', 0.047390419989824295)"
Line 70,"* Were expanding our product line to includeingredients that offer greater nutritional benefitsor are better for the planet, like chickpeas and otherlegumes, whole grains, plant-based proteins, fruitsand vegetables, nuts and seeds.","('Customer_Welfare', 0.3969864547252655)","('Selling_Practices_And_Product_Labeling', 0.36030739545822144)","('Product_Design_And_Lifecycle_Management', 0.09369264543056488)","('NON-ESG', 0.3969864547252655)","('NON-ESG', 0.36030739545822144)","('NON-ESG', 0.09369264543056488)"
Line 71,Were also striving to take a consistent approach tonutritional labeling throughout the world.,"('Selling_Practices_And_Product_Labeling', 0.6107960939407349)","('Customer_Welfare', 0.2136240154504776)","('Product_Quality_And_Safety', 0.03164712339639664)","(['Packaging'], 0.6107960939407349)","('NON-ESG', 0.2136240154504776)","('NON-ESG', 0.03164712339639664)"
Line 72,Innovative packaging solutions Were developing and deploying disruptive sustainable packaging materials and new models for beverages and convenient foods: Were expanding pilots with the rollout of Off TheEaten Path commercially compostable packaging inWhole Foods in the United States.,"('Product_Design_And_Lifecycle_Management', 0.9331679940223694)","('Energy_Management', 0.007717447355389595)","('Customer_Welfare', 0.007610359229147434)","(['Packaging'], 0.9331679940223694)","('NON-ESG', 0.007717447355389595)","('NON-ESG', 0.007610359229147434)"
Line 73,"We launched Gatorade sachets in Australia, allowingconsumers to use their own reusable water bottles.","('Water_And_Wastewater_Management', 0.512540876865387)","('Energy_Management', 0.13176339864730835)","('Product_Design_And_Lifecycle_Management', 0.09172219038009644)","(['Water Related Risks'], 0.512540876865387)","('NON-ESG', 0.13176339864730835)","('NON-ESG', 0.09172219038009644)"
Line 74,"Were transitioning brands like Pepsi Zero Sugar,Mtn Dew and Aquafina to 100% recycled PET invarious markets.","('Customer_Welfare', 0.654582142829895)","('Competitive_Behavior', 0.057870663702487946)","('Product_Design_And_Lifecycle_Management', 0.04894217848777771)","([], 0.654582142829895)","('NON-ESG', 0.057870663702487946)","('NON-ESG', 0.04894217848777771)"
Line 75,Positive Choices Were inspiring people through our brands to make choices that create more smiles for them and the planet.,"('Human_Rights_And_Community_Relations', 0.4543730616569519)","('Access_And_Affordability', 0.09819501638412476)","('Employee_Engagement_Inclusion_And_Diversity', 0.07110314816236496)","('NON-ESG', 0.4543730616569519)","('NON-ESG', 0.09819501638412476)","('NON-ESG', 0.07110314816236496)"
Line 76,"Planet + people brands Were using the scale of our iconic, globally recognized brands to inspire people to make positive choices for our communities and planet: Were thinking about where ingredients are sourcedand by whom, how much water and energy is usedto make our products, how we can be more efficientand sustainable with our packaging solutions, andhow our brands show up for their communities.","('Selling_Practices_And_Product_Labeling', 0.7905358076095581)","('Customer_Welfare', 0.07166310399770737)","('Product_Design_And_Lifecycle_Management', 0.050875473767519)","(['Packaging'], 0.7905358076095581)","('NON-ESG', 0.07166310399770737)","('NON-ESG', 0.050875473767519)"
Line 77,"We are working to develop industry-wideenvironmental labeling standards that let consumersknow that buying a particular product will help builda more sustainable food system from the way the ingredients were grown, to the way it was made,to the way it was designed to be consumed.","('Selling_Practices_And_Product_Labeling', 0.9115352034568787)","('Customer_Welfare', 0.022229725494980812)","('Product_Design_And_Lifecycle_Management', 0.010890629142522812)","(['Packaging'], 0.9115352034568787)","('NON-ESG', 0.022229725494980812)","('NON-ESG', 0.010890629142522812)"
Line 78,"* Based on our Top 23 convenient foods markets, which represent 86% o f our global convenient foods volume as of 2021For more details see ESG Topics A-Z: Nutrition, Packaging, Sustainable Product Design, Product Labeling and Claimspep+ 5 PepsiCo 2021 ESG Summary Overview POSITIVE AGRICULTURE: 345K + acres farmed with regenerative farming practices toward goal of 7 million by 2030 POSITIVE AGRICULTURE: ~50% of our key ingredients were sustainably sourced toward our goal of 100% by 2030 POSITIVE AGRICULTURE: 14% increase in water-use efficiency as of 2020 to improve the health of high water-risk watersheds where we directly source our crops, toward our goal of 15% by 2025 (versus a 2015 baseline)POSITIVE VALUE CHAIN: CLIMATE 25% reduction in Scope 1 and 2 emissions, toward our goal of 75% by 2030 (versus a 2015 baseline)POSITIVE VALUE CHAIN: CLIMATE ~70% of our global electricity needs in our direct operations were met by renewable sources POSITIVE VALUE CHAIN: CLIMATE 11th top corporate buyer of clean power in North America POSITIVE VALUE CHAIN: WATER 18% improvement of our operational water-use efficiency in high water-risk areas (versus a 2015 baseline)POSITIVE VALUE CHAIN: WATER 6.1B + liters of water replenished into local watersheds in 2021 POSITIVE VALUE CHAIN: PACKAGING 200B plastic bottles are expected to be avoided by 2030 through SodaStreamadoptionPOSITIVE VALUE CHAIN: PACKAGING 22 global markets are transitioning several brands to 100% rPET packaging by end of 2022For additional detailed information and footnotes please refer to the PepsiCo 2021 ESG Performance Metrics.","('Selling_Practices_And_Product_Labeling', 0.4556809961795807)","('Customer_Welfare', 0.2938261926174164)","('Product_Design_And_Lifecycle_Management', 0.11575689911842346)","('NON-ESG', 0.4556809961795807)","('NON-ESG', 0.2938261926174164)","('NON-ESG', 0.11575689911842346)"
Line 79,"* Based on our Top 23 convenient foods markets, which represent 86% o f our global convenient foods volume as of 2021For more details see ESG Topics A-Z: Nutrition, Packaging, Sustainable Product Design, Product Labeling and Claimspep+ 5 PepsiCo 2021 ESG Summary Overview POSITIVE AGRICULTURE: 345K + acres farmed with regenerative farming practices toward goal of 7 million by 2030 POSITIVE AGRICULTURE: ~50% of our key ingredients were sustainably sourced toward our goal of 100% by 2030 POSITIVE AGRICULTURE: 14% increase in water-use efficiency as of 2020 to improve the health of high water-risk watersheds where we directly source our crops, toward our goal of 15% by 2025 (versus a 2015 baseline)POSITIVE VALUE CHAIN: CLIMATE 25% reduction in Scope 1 and 2 emissions, toward our goal of 75% by 2030 (versus a 2015 baseline)POSITIVE VALUE CHAIN: CLIMATE ~70% of our global electricity needs in our direct operations were met by renewable sources POSITIVE VALUE CHAIN: CLIMATE 11th top corporate buyer of clean power in North America POSITIVE VALUE CHAIN: WATER 18% improvement of our operational water-use efficiency in high water-risk areas (versus a 2015 baseline)POSITIVE VALUE CHAIN: WATER 6.1B + liters of water replenished into local watersheds in 2021 POSITIVE VALUE CHAIN: PACKAGING 200B plastic bottles are expected to be avoided by 2030 through SodaStreamadoptionPOSITIVE VALUE CHAIN: PACKAGING 22 global markets are transitioning several brands to 100% rPET packaging by end of 2022For additional detailed information and footnotes please refer to the PepsiCo 2021 ESG Performance Metrics.","('Water_And_Wastewater_Management', 0.5608954429626465)","('Energy_Management', 0.10380391776561737)","('GHG_Emissions', 0.08379963040351868)","(['Water Related Risks'], 0.5608954429626465)","('NON-ESG', 0.10380391776561737)","('NON-ESG', 0.08379963040351868)"
Line 80,"* Based on our Top 23 convenient foods markets, which represent 86% o f our global convenient foods volume as of 2021For more details see ESG Topics A-Z: Nutrition, Packaging, Sustainable Product Design, Product Labeling and Claimspep+ 5 PepsiCo 2021 ESG Summary Overview POSITIVE AGRICULTURE: 345K + acres farmed with regenerative farming practices toward goal of 7 million by 2030 POSITIVE AGRICULTURE: ~50% of our key ingredients were sustainably sourced toward our goal of 100% by 2030 POSITIVE AGRICULTURE: 14% increase in water-use efficiency as of 2020 to improve the health of high water-risk watersheds where we directly source our crops, toward our goal of 15% by 2025 (versus a 2015 baseline)POSITIVE VALUE CHAIN: CLIMATE 25% reduction in Scope 1 and 2 emissions, toward our goal of 75% by 2030 (versus a 2015 baseline)POSITIVE VALUE CHAIN: CLIMATE ~70% of our global electricity needs in our direct operations were met by renewable sources POSITIVE VALUE CHAIN: CLIMATE 11th top corporate buyer of clean power in North America POSITIVE VALUE CHAIN: WATER 18% improvement of our operational water-use efficiency in high water-risk areas (versus a 2015 baseline)POSITIVE VALUE CHAIN: WATER 6.1B + liters of water replenished into local watersheds in 2021 POSITIVE VALUE CHAIN: PACKAGING 200B plastic bottles are expected to be avoided by 2030 through SodaStreamadoptionPOSITIVE VALUE CHAIN: PACKAGING 22 global markets are transitioning several brands to 100% rPET packaging by end of 2022For additional detailed information and footnotes please refer to the PepsiCo 2021 ESG Performance Metrics.","('Water_And_Wastewater_Management', 0.9561324715614319)","('Energy_Management', 0.007733314298093319)","('Waste_And_Hazardous_Materials_Management', 0.003497692057862878)","(['Water Related Risks'], 0.9561324715614319)","('NON-ESG', 0.007733314298093319)","('NON-ESG', 0.003497692057862878)"
Line 81,"* Based on our Top 23 convenient foods markets, which represent 86% o f our global convenient foods volume as of 2021For more details see ESG Topics A-Z: Nutrition, Packaging, Sustainable Product Design, Product Labeling and Claimspep+ 5 PepsiCo 2021 ESG Summary Overview POSITIVE AGRICULTURE: 345K + acres farmed with regenerative farming practices toward goal of 7 million by 2030 POSITIVE AGRICULTURE: ~50% of our key ingredients were sustainably sourced toward our goal of 100% by 2030 POSITIVE AGRICULTURE: 14% increase in water-use efficiency as of 2020 to improve the health of high water-risk watersheds where we directly source our crops, toward our goal of 15% by 2025 (versus a 2015 baseline)POSITIVE VALUE CHAIN: CLIMATE 25% reduction in Scope 1 and 2 emissions, toward our goal of 75% by 2030 (versus a 2015 baseline)POSITIVE VALUE CHAIN: CLIMATE ~70% of our global electricity needs in our direct operations were met by renewable sources POSITIVE VALUE CHAIN: CLIMATE 11th top corporate buyer of clean power in North America POSITIVE VALUE CHAIN: WATER 18% improvement of our operational water-use efficiency in high water-risk areas (versus a 2015 baseline)POSITIVE VALUE CHAIN: WATER 6.1B + liters of water replenished into local watersheds in 2021 POSITIVE VALUE CHAIN: PACKAGING 200B plastic bottles are expected to be avoided by 2030 through SodaStreamadoptionPOSITIVE VALUE CHAIN: PACKAGING 22 global markets are transitioning several brands to 100% rPET packaging by end of 2022For additional detailed information and footnotes please refer to the PepsiCo 2021 ESG Performance Metrics.","('Systemic_Risk_Management', 0.5070956349372864)","('Business_Model_Resilience', 0.21284671127796173)","('Supply_Chain_Management', 0.06508640199899673)","([], 0.5070956349372864)","('NON-ESG', 0.21284671127796173)","('NON-ESG', 0.06508640199899673)"
Line 82,"Our Progress HighlightsOur Progress HighlightsPOSITIVE VALUE CHAIN: PEOPLE Women and men continued to earn within 1% of each other, and women hold 43% of our manager positions worldwide POSITIVE VALUE CHAIN: PEOPLE $40MM scholarship and professional mentoring program created to support Black and Hispanic aspiring and graduating community college students POSITIVE VALUE CHAIN: PEOPLE $500MM+ on track to be spent by 2025 to expand our supplier base and increase our spending with Black and Hispanic suppliersPOSITIVE CHOICES: EXPANDED PORTFOLIO OFFERINGS As of 2021, 53% of our beverage portfolio volume in our top 26 beverage markets met our added sugars reduction target, progress toward our goal of 67% by2025 POSITIVE CHOICES: EXPANDED PORTFOLIO OFFERINGS As of 2021, 75% of our convenient foods portfolio volume in our top 23 convenient foods markets met our saturated fat reduction target, attaining our goal of 75% by2025 POSITIVE CHOICES: INNOVATIVE PACKAGING SOLUTIONS We worked with the Pulpex consortium to develop the worlds first fully recyclable paper bottle that we are working to commercialize andscalePOSITIVE CHOICES: INNOVATIVE PACKAGING SOLUTIONS SodaStream plans to switch all flavors from virgin plastic to alternative materials including metal and rPET, which expects to help consumers avoid nearly 200million virgin plastic bottles by 2025 POSITIVE CHOICES: PLANET + PEOPLE BRANDS Lays RePlay initiative, in partnership with the UEFA Foundation for children and streetfootballworld, reuses empty chip packs to help create sustainable football pitchesPOSITIVE CHOICES: EXPANDED PORTFOLIO OFFERINGS As of 2021, 66% of our convenient foods portfolio volume in our top 23 convenient foods markets met our sodium reduction target, progress toward our goal of 75% by2025POSITIVE VALUE CHAIN: PEOPLE >68MM people reached since 2006 with safe water access, toward 100 million goal by 2030For additional detailed information and footnotes please refer to the PepsiCo 2021 ESG Performance Metrics.","('Supply_Chain_Management', 0.7792702913284302)","('Employee_Engagement_Inclusion_And_Diversity', 0.051689859479665756)","('Labor_Practices', 0.023091008886694908)","(['Supply Chain Management'], 0.7792702913284302)","('NON-ESG', 0.051689859479665756)","('NON-ESG', 0.023091008886694908)"
Line 83,"Our Progress HighlightsOur Progress HighlightsPOSITIVE VALUE CHAIN: PEOPLE Women and men continued to earn within 1% of each other, and women hold 43% of our manager positions worldwide POSITIVE VALUE CHAIN: PEOPLE $40MM scholarship and professional mentoring program created to support Black and Hispanic aspiring and graduating community college students POSITIVE VALUE CHAIN: PEOPLE $500MM+ on track to be spent by 2025 to expand our supplier base and increase our spending with Black and Hispanic suppliersPOSITIVE CHOICES: EXPANDED PORTFOLIO OFFERINGS As of 2021, 53% of our beverage portfolio volume in our top 26 beverage markets met our added sugars reduction target, progress toward our goal of 67% by2025 POSITIVE CHOICES: EXPANDED PORTFOLIO OFFERINGS As of 2021, 75% of our convenient foods portfolio volume in our top 23 convenient foods markets met our saturated fat reduction target, attaining our goal of 75% by2025 POSITIVE CHOICES: INNOVATIVE PACKAGING SOLUTIONS We worked with the Pulpex consortium to develop the worlds first fully recyclable paper bottle that we are working to commercialize andscalePOSITIVE CHOICES: INNOVATIVE PACKAGING SOLUTIONS SodaStream plans to switch all flavors from virgin plastic to alternative materials including metal and rPET, which expects to help consumers avoid nearly 200million virgin plastic bottles by 2025 POSITIVE CHOICES: PLANET + PEOPLE BRANDS Lays RePlay initiative, in partnership with the UEFA Foundation for children and streetfootballworld, reuses empty chip packs to help create sustainable football pitchesPOSITIVE CHOICES: EXPANDED PORTFOLIO OFFERINGS As of 2021, 66% of our convenient foods portfolio volume in our top 23 convenient foods markets met our sodium reduction target, progress toward our goal of 75% by2025POSITIVE VALUE CHAIN: PEOPLE >68MM people reached since 2006 with safe water access, toward 100 million goal by 2030For additional detailed information and footnotes please refer to the PepsiCo 2021 ESG Performance Metrics.","('Customer_Welfare', 0.7517042756080627)","('Selling_Practices_And_Product_Labeling', 0.042445093393325806)","('Product_Design_And_Lifecycle_Management', 0.040933091193437576)","([], 0.7517042756080627)","('NON-ESG', 0.042445093393325806)","('NON-ESG', 0.040933091193437576)"
Line 84,"Our Progress HighlightsOur Progress HighlightsPOSITIVE VALUE CHAIN: PEOPLE Women and men continued to earn within 1% of each other, and women hold 43% of our manager positions worldwide POSITIVE VALUE CHAIN: PEOPLE $40MM scholarship and professional mentoring program created to support Black and Hispanic aspiring and graduating community college students POSITIVE VALUE CHAIN: PEOPLE $500MM+ on track to be spent by 2025 to expand our supplier base and increase our spending with Black and Hispanic suppliersPOSITIVE CHOICES: EXPANDED PORTFOLIO OFFERINGS As of 2021, 53% of our beverage portfolio volume in our top 26 beverage markets met our added sugars reduction target, progress toward our goal of 67% by2025 POSITIVE CHOICES: EXPANDED PORTFOLIO OFFERINGS As of 2021, 75% of our convenient foods portfolio volume in our top 23 convenient foods markets met our saturated fat reduction target, attaining our goal of 75% by2025 POSITIVE CHOICES: INNOVATIVE PACKAGING SOLUTIONS We worked with the Pulpex consortium to develop the worlds first fully recyclable paper bottle that we are working to commercialize andscalePOSITIVE CHOICES: INNOVATIVE PACKAGING SOLUTIONS SodaStream plans to switch all flavors from virgin plastic to alternative materials including metal and rPET, which expects to help consumers avoid nearly 200million virgin plastic bottles by 2025 POSITIVE CHOICES: PLANET + PEOPLE BRANDS Lays RePlay initiative, in partnership with the UEFA Foundation for children and streetfootballworld, reuses empty chip packs to help create sustainable football pitchesPOSITIVE CHOICES: EXPANDED PORTFOLIO OFFERINGS As of 2021, 66% of our convenient foods portfolio volume in our top 23 convenient foods markets met our sodium reduction target, progress toward our goal of 75% by2025POSITIVE VALUE CHAIN: PEOPLE >68MM people reached since 2006 with safe water access, toward 100 million goal by 2030For additional detailed information and footnotes please refer to the PepsiCo 2021 ESG Performance Metrics.","('Product_Design_And_Lifecycle_Management', 0.8710415959358215)","('Selling_Practices_And_Product_Labeling', 0.021256009116768837)","('Customer_Welfare', 0.019784998148679733)","(['Packaging'], 0.8710415959358215)","('NON-ESG', 0.021256009116768837)","('NON-ESG', 0.019784998148679733)"
Line 85,"Our Progress HighlightsOur Progress HighlightsPOSITIVE VALUE CHAIN: PEOPLE Women and men continued to earn within 1% of each other, and women hold 43% of our manager positions worldwide POSITIVE VALUE CHAIN: PEOPLE $40MM scholarship and professional mentoring program created to support Black and Hispanic aspiring and graduating community college students POSITIVE VALUE CHAIN: PEOPLE $500MM+ on track to be spent by 2025 to expand our supplier base and increase our spending with Black and Hispanic suppliersPOSITIVE CHOICES: EXPANDED PORTFOLIO OFFERINGS As of 2021, 53% of our beverage portfolio volume in our top 26 beverage markets met our added sugars reduction target, progress toward our goal of 67% by2025 POSITIVE CHOICES: EXPANDED PORTFOLIO OFFERINGS As of 2021, 75% of our convenient foods portfolio volume in our top 23 convenient foods markets met our saturated fat reduction target, attaining our goal of 75% by2025 POSITIVE CHOICES: INNOVATIVE PACKAGING SOLUTIONS We worked with the Pulpex consortium to develop the worlds first fully recyclable paper bottle that we are working to commercialize andscalePOSITIVE CHOICES: INNOVATIVE PACKAGING SOLUTIONS SodaStream plans to switch all flavors from virgin plastic to alternative materials including metal and rPET, which expects to help consumers avoid nearly 200million virgin plastic bottles by 2025 POSITIVE CHOICES: PLANET + PEOPLE BRANDS Lays RePlay initiative, in partnership with the UEFA Foundation for children and streetfootballworld, reuses empty chip packs to help create sustainable football pitchesPOSITIVE CHOICES: EXPANDED PORTFOLIO OFFERINGS As of 2021, 66% of our convenient foods portfolio volume in our top 23 convenient foods markets met our sodium reduction target, progress toward our goal of 75% by2025POSITIVE VALUE CHAIN: PEOPLE >68MM people reached since 2006 with safe water access, toward 100 million goal by 2030For additional detailed information and footnotes please refer to the PepsiCo 2021 ESG Performance Metrics.","('Customer_Welfare', 0.44202056527137756)","('Product_Design_And_Lifecycle_Management', 0.18524570763111115)","('Energy_Management', 0.058697037398815155)","('NON-ESG', 0.44202056527137756)","('NON-ESG', 0.18524570763111115)","('NON-ESG', 0.058697037398815155)"
Line 86,"(Continued)Our Progress Highlights2006 Launch of Performance with Purpose, integrating sustainability into our daily business operations 2021 PepsiCo announces a 2030 goal to spread regenerative agriculture practices across 7million acres, estimated to eliminate at least 3million tons of GHGs2021 PepsiCo sets an ambitious new target to achieve net-zero emissions by 2040, one decade earlier than called for in the Paris Agreement2021 pep+ (PepsiCo Positive) is introduced2021 PepsiCo is recognized with the inaugural Terra Carta Seal awarded by His Royal Highness The Prince of Wales and Sustainable Markets Initiative for demonstrating commitment to, and driving momentum towards, the creation of genuinely sustainable markets2020 PepsiCo exceeds safe water access goal 5 years early, delivering access to safe water to more than 55million people to date since 20062009 Naked Juice first U.","('GHG_Emissions', 0.9663892984390259)","('Air_Quality', 0.005931277759373188)","('Ecological_Impacts', 0.003491387004032731)","([], 0.9663892984390259)","('NON-ESG', 0.005931277759373188)","('NON-ESG', 0.003491387004032731)"
Line 87,"(Continued)Our Progress Highlights2006 Launch of Performance with Purpose, integrating sustainability into our daily business operations 2021 PepsiCo announces a 2030 goal to spread regenerative agriculture practices across 7million acres, estimated to eliminate at least 3million tons of GHGs2021 PepsiCo sets an ambitious new target to achieve net-zero emissions by 2040, one decade earlier than called for in the Paris Agreement2021 pep+ (PepsiCo Positive) is introduced2021 PepsiCo is recognized with the inaugural Terra Carta Seal awarded by His Royal Highness The Prince of Wales and Sustainable Markets Initiative for demonstrating commitment to, and driving momentum towards, the creation of genuinely sustainable markets2020 PepsiCo exceeds safe water access goal 5 years early, delivering access to safe water to more than 55million people to date since 20062009 Naked Juice first U.","('Water_And_Wastewater_Management', 0.9649143218994141)","('Energy_Management', 0.0032874764874577522)","('GHG_Emissions', 0.0025123374070972204)","(['Water Related Risks'], 0.9649143218994141)","('NON-ESG', 0.0032874764874577522)","('NON-ESG', 0.0025123374070972204)"
Line 88,"S. brand to transition to 100% rPET bottles2012 PepsiCo wins prestigious Stockholm Industry Water Award2013 Sustainable Farming Program (SFP) launches; as of 2021, more than 90% of grower-sourced crops are sustainably sourced worldwide through SFP2017 1st Demonstration Farm opens in India; in 2021, 72 farms are testing and sharing best practices around the world2018 PepsiCo acquires SodaStream, #1 sparkling water brand in the world by volume, with the potential to avoid 200 billion single-use plastic bottles by 20302010 Our first all-electric delivery trucks hit the road 2019 PepsiCo receives Climate Leadership Award2020 PepsiCo achieves shift to 100% renewable electricity in U.","('Customer_Welfare', 0.31121304631233215)","('Water_And_Wastewater_Management', 0.1520388275384903)","('Product_Design_And_Lifecycle_Management', 0.1364801973104477)","('NON-ESG', 0.31121304631233215)","('NON-ESG', 0.1520388275384903)","('NON-ESG', 0.1364801973104477)"
Line 89,"S. brand to transition to 100% rPET bottles2012 PepsiCo wins prestigious Stockholm Industry Water Award2013 Sustainable Farming Program (SFP) launches; as of 2021, more than 90% of grower-sourced crops are sustainably sourced worldwide through SFP2017 1st Demonstration Farm opens in India; in 2021, 72 farms are testing and sharing best practices around the world2018 PepsiCo acquires SodaStream, #1 sparkling water brand in the world by volume, with the potential to avoid 200 billion single-use plastic bottles by 20302010 Our first all-electric delivery trucks hit the road 2019 PepsiCo receives Climate Leadership Award2020 PepsiCo achieves shift to 100% renewable electricity in U.","('Energy_Management', 0.9577738046646118)","('Management_Of_Legal_And_Regulatory_Framework', 0.006602833513170481)","('Product_Design_And_Lifecycle_Management', 0.004705034662038088)","([], 0.9577738046646118)","('NON-ESG', 0.006602833513170481)","('NON-ESG', 0.004705034662038088)"
Line 90,"S. direct operationsIn 2006, PepsiCo started on a journey to transform the way we do business so that we can deliver strong financial returns in a way that is responsive to the needs of the world around us.","('Business_Model_Resilience', 0.6740284562110901)","('Product_Design_And_Lifecycle_Management', 0.06111613288521767)","('Customer_Welfare', 0.03678866848349571)","(['Human Capital Development', 'Innovation Management'], 0.6740284562110901)","('NON-ESG', 0.06111613288521767)","('NON-ESG', 0.03678866848349571)"
Line 91,"Milestones 8 PepsiCo 2021 ESG Summary OverviewFORWARD-LOOKING STATEMENTS This PepsiCo, Inc. 2021 ESG Summary contains statements reflecting our views about our future performance that constitute forward-looking statements within the meaning of the Private Securities Litigation Reform Act of 1995.","('Management_Of_Legal_And_Regulatory_Framework', 0.6246654391288757)","('Business_Ethics', 0.10503310710191727)","('Competitive_Behavior', 0.07362635433673859)","([], 0.6246654391288757)","('NON-ESG', 0.10503310710191727)","('NON-ESG', 0.07362635433673859)"
Line 92,"Forward-looking statements are generally identified through the inclusion of words such as aim, anticipate, believe, drive, estimate, expect, goal, intend, may, plan, project, strategy, strive, target and will or similar statements or variations of such terms and other similar expressions.","('Business_Model_Resilience', 0.6391162872314453)","('Director_Removal', 0.04662767052650452)","('Physical_Impacts_Of_Climate_Change', 0.041621387004852295)","(['Human Capital Development', 'Innovation Management'], 0.6391162872314453)","('NON-ESG', 0.04662767052650452)","('NON-ESG', 0.041621387004852295)"
Line 93,Forward-looking statements inherently involve risks and uncertainties.,"('Systemic_Risk_Management', 0.7931560277938843)","('Business_Ethics', 0.04293108731508255)","('Competitive_Behavior', 0.03198394551873207)","([], 0.7931560277938843)","('NON-ESG', 0.04293108731508255)","('NON-ESG', 0.03198394551873207)"
Line 94,"For information on certain factors that could cause actual events or results to differ materially from our expectations, please see PepsiCos filings with the Securities and Exchange Commission, including its most recent annual report on Form 10-K and subsequent reports on Forms 10-Q and 8-K.","('Management_Of_Legal_And_Regulatory_Framework', 0.4255479574203491)","('Systemic_Risk_Management', 0.16091786324977875)","('Competitive_Behavior', 0.1183205172419548)","('NON-ESG', 0.4255479574203491)","('NON-ESG', 0.16091786324977875)","('NON-ESG', 0.1183205172419548)"
Line 95,"Investors are cautioned not to place undue reliance on any such forward-looking statements, which speak only as of the date they are made.","('Systemic_Risk_Management', 0.2894255220890045)","('Management_Of_Legal_And_Regulatory_Framework', 0.21468445658683777)","('Business_Model_Resilience', 0.13897442817687988)","('NON-ESG', 0.2894255220890045)","('NON-ESG', 0.21468445658683777)","('NON-ESG', 0.13897442817687988)"
Line 96,"PepsiCo undertakes no obligation to update any forward-looking statements, whether as a result of new information, future events or otherwise.","('Management_Of_Legal_And_Regulatory_Framework', 0.6190537214279175)","('Customer_Privacy', 0.05306152626872063)","('Director_Removal', 0.041643306612968445)","([], 0.6190537214279175)","('NON-ESG', 0.05306152626872063)","('NON-ESG', 0.041643306612968445)"
Line 97,"Read the PepsiCo 2021 ESG Summary here >> Performance metrics and targets, footnotes and additional detailed information can be found in the PepsiCo 2021 ESG Performance Metrics .","('Business_Model_Resilience', 0.4107694625854492)","('Systemic_Risk_Management', 0.32377055287361145)","('Supply_Chain_Management', 0.04025519639253616)","('NON-ESG', 0.4107694625854492)","('NON-ESG', 0.32377055287361145)","('NON-ESG', 0.04025519639253616)"
